职位名称,公司名字,工作城市,经验要求,学历要求,薪资水平,福利待遇,职位详情页,职位信息,职能类别
高级web前端开发工程师,杭州潮流信息技术有限公司成都分公司,成都-锦江区,3-4年经验,本科,8千-1.5万,五险一金 交通补贴 餐饮补贴 通讯补贴 年终奖金 绩效奖金,https://jobs.51job.com/chengdu-jjq/121464846.html?s=sou_sou_soulb&t=0_0,,
前端开发工程师,上海典及网络科技有限公司,青岛-市北区,1年经验,大专,9千-1.8万,,https://jobs.51job.com/qingdao-sbq/143421788.html?s=sou_sou_soulb&t=0_0,,
RPA实施开发工程师（python）,上海虎尾智能科技有限公司,上海,1年经验,大专,8千-1.5万,股票期权 弹性工作 员工旅游 五险一金 餐饮补贴 年终奖金 项目奖金,https://jobs.51job.com/shanghai/141489946.html?s=sou_sou_soulb&t=0_0,,
前端开发工程师,北京华录高诚科技有限公司,成都,3-4年经验,本科,1.2-1.8万,五险一金 专业培训 绩效奖金 年终奖金 定期体检,https://jobs.51job.com/chengdu/143421637.html?s=sou_sou_soulb&t=0_0,,
Java开发工程师,南京凌睿吉信息技术有限公司,南京-雨花台区,3-4年经验,大专,1.1-1.8万·13薪,五险一金 年终奖金 过节福利,https://jobs.51job.com/nanjing-yhtq/140609096.html?s=sou_sou_soulb&t=0_0,,
Java开发工程师（第一创业证券）,深圳市友点科技有限公司,深圳-福田区,3-4年经验,大专,1-1.5万,五险一金 员工旅游 餐饮补贴 年终奖金 弹性工作 定期体检,https://jobs.51job.com/shenzhen-ftq/143421048.html?s=sou_sou_soulb&t=0_0,,
软件测试,四川傲冠科技有限公司,成都,2年经验,大专,12-20万/年,五险一金 员工旅游 专业培训 绩效奖金 年终奖金 股票期权 弹性工作 每个项目提成 季度提成奖金,https://jobs.51job.com/chengdu/143417648.html?s=sou_sou_soulb&t=0_0,,
Java开发工程师,上海得逸信息技术有限公司,苏州-吴中区,3-4年经验,大专,1-1.4万,五险一金 交通补贴 员工旅游 定期体检 年终奖金,https://jobs.51job.com/suzhou-wzq/140413870.html?s=sou_sou_soulb&t=0_0,,
Java中级开发工程师,杭州驿德科技有限公司,杭州-萧山区,3-4年经验,本科,1.2-2万,五险一金 年终奖金,https://jobs.51job.com/hangzhou-xsq/135051992.html?s=sou_sou_soulb&t=0_0,,
C++软件工程师,北京耐泽科技有限公司,北京-朝阳区,1年经验,大专,8千-1.6万,,https://jobs.51job.com/beijing-cyq/142644744.html?s=sou_sou_soulb&t=0_0,,
Web前端开发工程师,江苏优利信科技有限公司,无锡-江阴市,2年经验,本科,9千-1.8万·13薪,带薪年假 五险一金 节日福利 高温补贴 年终双薪 项目奖金,https://jobs.51job.com/wuxi-jys/110118453.html?s=sou_sou_soulb&t=0_0,,
高级前端工程师,惠州市飞讯软件服务有限公司,惠州,3-4年经验,本科,1-1.5万,,https://jobs.51job.com/huizhou/140973448.html?s=sou_sou_soulb&t=0_0,,
C++开发工程师,中科南京人工智能创新研究院,南京,1年经验,本科,1-1.5万,,https://jobs.51job.com/nanjing/140871141.html?s=sou_sou_soulb&t=0_0,,
Java开发工程师,华皓科技（西安）有限公司,西安-高新技术产业开发区,2年经验,本科,1-1.5万,五险一金 员工旅游 交通补贴 餐饮补贴 通讯补贴 专业培训 绩效奖金 年终奖金 弹性工作 定期体检,https://jobs.51job.com/xian-gxjs/143136994.html?s=sou_sou_soulb&t=0_0,,
Java初级开发工程师,江苏米吉传感科技有限公司,无锡-无锡新区,2年经验,大专,7千-1.3万·13薪,做五休二 周末双休 弹性工作 五险一金 专业培训 全勤奖 绩效奖金 年终奖金 定期体检,https://jobs.51job.com/wuxi-wxxq/137382551.html?s=sou_sou_soulb&t=0_0,,
WebGIS开发工程师,广东正艺技术有限公司,广州-增城区,1年经验,本科,8千-1.2万,五险一金 补充公积金 员工旅游 年终奖金 通讯补贴 餐饮补贴,https://jobs.51job.com/guangzhou-zcq/140566796.html?s=sou_sou_soulb&t=0_0,,
Web前端开发工程师,苏州城方信息技术有限公司,苏州-工业园区,无需经验,本科,8千-1.4万,五险一金 交通补贴 餐饮补贴 通讯补贴 定期体检,https://jobs.51job.com/suzhou-gyyq/130029496.html?s=sou_sou_soulb&t=0_0,,
lua开发工程师,广州游宇网络科技有限公司,广州-天河区,1年经验,大专,1-2万,五险一金 年终奖金 员工旅游 出国机会 周末双休,https://jobs.51job.com/guangzhou-thq/143165535.html?s=sou_sou_soulb&t=0_0,,
Java软件开发工程师,大连晟杰信息技术有限公司,大连-高新园区,3-4年经验,大专,7千-1.4万·13薪,五险一金 年终奖金,https://jobs.51job.com/dalian-gxyq/143168638.html?s=sou_sou_soulb&t=0_0,,
Java开发工程师,合肥中科迪宏自动化有限公司,东莞,3-4年经验,本科,1-1.5万,五险一金 补充医疗保险 绩效奖金 年终奖金 股票期权 弹性工作 定期体检,https://jobs.51job.com/dongguan/142817952.html?s=sou_sou_soulb&t=0_0,,
WEB开发工程师(前端),上海慕灿信息科技有限公司,上海-浦东新区,3-4年经验,本科,15-30万/年,五险一金 绩效奖金 年终奖金,https://jobs.51job.com/shanghai-pdxq/142813980.html?s=sou_sou_soulb&t=0_0,,
C++初级开发工程师,上海明定信息科技有限公司,上海-徐汇区,1年经验,本科,8千-1.6万,五险一金 定期体检 年终奖金 餐饮补贴 通讯补贴 弹性工作 员工旅游,https://jobs.51job.com/shanghai-xhq/142467840.html?s=sou_sou_soulb&t=0_0,,
web前端工程师,上海那时快实业发展有限公司,上海-闵行区,3-4年经验,本科,1-2万,五险一金 交通补贴 通讯补贴 年终奖金 绩效奖金 临近地铁 周末双休 8小时工作制 餐饮补贴,https://jobs.51job.com/shanghai-mhq/142035819.html?s=sou_sou_soulb&t=0_0,,
Java开发工程师,杭州迅为科技有限公司,杭州-拱墅区,3-4年经验,本科,1.1-1.8万,五险一金 年终奖金 餐饮补贴 绩效奖金,https://jobs.51job.com/hangzhou-gsq/141950340.html?s=sou_sou_soulb&t=0_0,,
Java后端开发工程师,质上科技服务（北京）有限公司,合肥-蜀山区,3-4年经验,本科,1.2-1.8万·13薪,五险一金 绩效奖金 定期体检,https://jobs.51job.com/hefei-ssq/141890417.html?s=sou_sou_soulb&t=0_0,,
初级C++开发工程师（合肥）,合肥英特灵达信息技术有限公司,合肥,2年经验,本科,1.2-2.4万,,https://jobs.51job.com/hefei/141530552.html?s=sou_sou_soulb&t=0_0,,
Java高级开发工程师,深圳前海四威数据网络科技有限公司,深圳-罗湖区,3-4年经验,本科,1-1.8万·13薪,五险一金 绩效奖金 交通补贴 弹性工作 年终奖金 员工旅游 周末双休 专业培训 餐饮补贴,https://jobs.51job.com/shenzhen-luohuqu/140205809.html?s=sou_sou_soulb&t=0_0,,
高级前端开发工程师,南京焦点领动云计算技术有限公司,南京,3-4年经验,本科,1-1.5万,,https://jobs.51job.com/nanjing/139679500.html?s=sou_sou_soulb&t=0_0,,
Web开发工程师,南京南自信息技术有限公司,南京,1年经验,本科,1-1.5万,,https://jobs.51job.com/nanjing/139677329.html?s=sou_sou_soulb&t=0_0,,
Java开发工程师,南京奥拓电子科技有限公司,南京,2年经验,本科,1-1.5万,,https://jobs.51job.com/nanjing/139672793.html?s=sou_sou_soulb&t=0_0,,
Java开发工程师,江苏敏行信息技术有限公司,南京,2年经验,本科,1-1.5万,,https://jobs.51job.com/nanjing/139671796.html?s=sou_sou_soulb&t=0_0,,
Web前端开发工程师,嘉环科技股份有限公司,南京,3-4年经验,本科,1-1.8万,,https://jobs.51job.com/nanjing/139667933.html?s=sou_sou_soulb&t=0_0,,
java工程师/系统架构师,海南省时代光华智能科技咨询有限公司,海口-龙华区,2年经验,本科,7千-1.4万,,https://jobs.51job.com/haikou-lhq/139455309.html?s=sou_sou_soulb&t=0_0,,
Java开发资深工程师,南京简智达信息科技有限公司,南京-浦口区,2年经验,本科,1.2-1.8万,五险一金 绩效奖金 年终奖金 餐饮补贴 定期体检 通讯补贴,https://jobs.51job.com/nanjing-pkq/139307760.html?s=sou_sou_soulb&t=0_0,,
C++开发工程师,捷蓝打印技术（苏州）有限公司,苏州-工业园区,3-4年经验,本科,1-1.5万,年终奖金 十三薪 五险一金 弹性工作,https://jobs.51job.com/suzhou-gyyq/139162989.html?s=sou_sou_soulb&t=0_0,,
Java技术经理,浙江珍仓信息技术有限公司,杭州-萧山区,3-4年经验,本科,1-2万,五险一金 专业培训 绩效奖金 弹性工作 人工智能领域 周末双休,https://jobs.51job.com/hangzhou-xsq/138192137.html?s=sou_sou_soulb&t=0_0,,
Java开发工程师,北京距角科技有限公司,宁波-鄞州区,1年经验,本科,500元/天,弹性工作,https://jobs.51job.com/ningbo-yzq/138096272.html?s=sou_sou_soulb&t=0_0,,
研发中心前端工程师（昆明）,云南幂次科技有限公司,昆明,无需经验,本科,8千-1.6万,,https://jobs.51job.com/kunming/137023879.html?s=sou_sou_soulb&t=0_0,,
Java开发主管,广东和诚信息技术有限公司,惠州,3-4年经验,本科,1.2-1.8万,五险一金 餐饮补贴 年终奖金 项目奖金 定期体检 弹性工作,https://jobs.51job.com/huizhou/136347772.html?s=sou_sou_soulb&t=0_0,,
Web前端开发工程师,上海川远信息科技有限公司,上海-松江区,3-4年经验,大专,8千-1.3万,五险一金 员工旅游 专业培训 年终奖金 做五休二 定期体检 节日礼物 员工宿舍,https://jobs.51job.com/shanghai-sjq/113272897.html?s=sou_sou_soulb&t=0_0,,
Java开发工程师（可接受出差）,北京银丰新融科技开发有限公司,衡水,2年经验,本科,1-1.2万,,https://jobs.51job.com/hengshui/143196718.html?s=sou_sou_soulb&t=0_0,,
高级测试工程师,武汉兴图新科电子股份有限公司,武汉-东湖新技术产业开发区,5-7年经验,本科,1-1.5万,周末双休 带薪年假 五险一金 绩效奖金 全勤奖 节日福利 通讯补贴,https://jobs.51job.com/wuhan-dhxjs/143098888.html?s=sou_sou_soulb&t=0_0,,
Web前端开发,方正株式（武汉）科技开发有限公司,武汉,3-4年经验,大专,8千-1.3万,五险一金 补充医疗保险 绩效奖金 年终奖金 弹性工作 交通补贴 定期体检,https://jobs.51job.com/wuhan/143392536.html?s=sou_sou_soulb&t=0_0,,
Java开发工程师（南山区）,中软国际科技服务有限公司,深圳-南山区,3-4年经验,本科,1.3-2.6万,五险一金 专业培训 定期体检,https://jobs.51job.com/shenzhen-nsq/140932400.html?s=sou_sou_soulb&t=0_0,,
Java开发工程师（珠海办公-线上面试）,神州数码信息服务股份有限公司,佛山-南海区,3-4年经验,本科,1.4-1.8万,五险一金 绩效奖金 定期体检,https://jobs.51job.com/foshan-nhq/143396642.html?s=sou_sou_soulb&t=0_0,,
软件开发工程师java,福建微元素网络科技有限公司,福州-鼓楼区,2年经验,本科,8千-1.2万,五险一金 补充医疗保险 补充公积金 弹性工作 定期体检,https://jobs.51job.com/fuzhou-glq/138845165.html?s=sou_sou_soulb&t=0_0,,
嵌入式软件工程师,苏州商路信息科技有限公司,苏州,1年经验,本科,8千-1.6万,五险一金 绩效奖金 股票期权 弹性工作 定期体检 年终奖金,https://jobs.51job.com/suzhou/137921745.html?s=sou_sou_soulb&t=0_0,,
C++ 开发工程师 / CPP 开发工程师 (L3),上海盾壹科技有限公司,上海-闵行区,1年经验,本科,8千-1.3万,五险一金 年终奖金 弹性工作,https://jobs.51job.com/shanghai-mhq/138427283.html?s=sou_sou_soulb&t=0_0,,
全栈开发工程师,珠海游技工坊网络科技有限公司,珠海-香洲区,3-4年经验,本科,8千-1.2万,五险一金 年终奖金 周末双休 带薪年假 公司聚餐 加班补贴 节日福利,https://jobs.51job.com/zhuhai-xzq/116347455.html?s=sou_sou_soulb&t=0_0,,
后端研发工程师(J10789),广州嘉为科技有限公司,深圳-福田区,2年经验,本科,1-1.5万,,https://jobs.51job.com/shenzhen-ftq/143402563.html?s=sou_sou_soulb&t=0_0,,
